,,.ipynb_checkpoints,.ipynb_checkpoints.__init__-checkpoint,app_pygame,backend,backend.combat,backend.combat.battle_sim,backend.combat.char_build,backend.combat.debug_utils,backend.combat.life_check,backend.combat.magic_damage,backend.combat.spell_repo,backend.combat.status_effects,combat,combat.battle_sim,combat.char_build,combat.constants,combat.data_loader,combat.debug_utils,combat.elements,combat.enemy_build,combat.enemy_selection,combat.enums,combat.initiative,combat.input_ui,combat.inventory,combat.item_effects,combat.life_check,combat.logging,combat.magic_aoe,combat.magic_damage,combat.magic_menu,combat.main,combat.models,combat.phys_damage,combat.runtime_state,combat.spell_repo,combat.start_of_turn,combat.state_view,combat.status_effects,combat.turn_logic,main,tools,tools.make_import_graph,tools.splitesheet,ui_pygame,ui_pygame.app,ui_pygame.app_context,ui_pygame.controller,ui_pygame.input_handler,ui_pygame.input_modes,ui_pygame.input_modes.aoe_choice,ui_pygame.input_modes.command,ui_pygame.input_modes.item,ui_pygame.input_modes.magic,ui_pygame.input_modes.member,ui_pygame.input_modes.target_ally,ui_pygame.input_modes.target_enemy,ui_pygame.input_modes.target_select,ui_pygame.input_modes.target_side,ui_pygame.logic,ui_pygame.render,ui_pygame.render.command_panel,ui_pygame.render.enemy_panel,ui_pygame.render.floating_texts,ui_pygame.render.hub,ui_pygame.render.log_panel,ui_pygame.render.log_scroll,ui_pygame.render.party_panel,ui_pygame.render.sprites,ui_pygame.state,ui_pygame.ui_types,utils,utils.name_normalize,utils.safe_int_float
.,,,,,,,,,,,,,,,〇,〇,,,〇,,〇,〇,,,〇,,,,,,,〇,,,,〇,,,,,,,,,,,〇,,,,,,,,,,,,,,,,,,,,,,,,,,,,
.ipynb_checkpoints,,,,,,,,,,,,,,,,,,,,,,,,,,,,,,,,,,,,,,,,,,,,,,,,,,,,,,,,,,,,,,,,,,,,,,,,,,,
backend/combat,,,,,,,,,,,,,,,,,〇,,,〇,,,〇,〇,,,,〇,〇,,〇,,,〇,,〇,〇,〇,〇,,〇,,,,,,,,,,,,,,,,,,,,,,,,,,,,,,,,,,
combat,,,,,,,,,,,,,,,〇,〇,〇,〇,〇,〇,〇,,〇,〇,〇,〇,〇,〇,〇,〇,〇,〇,,〇,〇,〇,〇,〇,〇,〇,〇,,,,,,,,,,,,,,,,,,,,,,,,,,,,,,,,,〇,〇
tools,,,,,,,,,,,,,,,,,,,,,,,,,,,,,,,,,,,,,,,,,,,,,,,,,,,,,,,,,,,,,,,,,,,,,,,,,,,
ui_pygame,,,,,,,,,,,,,,,〇,〇,〇,,,,〇,〇,〇,,〇,〇,,〇,,,,〇,,〇,,〇,,,,,,,,,,,,〇,〇,〇,,〇,〇,〇,〇,〇,〇,〇,,〇,〇,,〇,〇,〇,〇,〇,〇,〇,〇,〇,〇,,,
ui_pygame/input_modes,,,,,,,,,,,,,,,,,,,,,,,〇,,,,,〇,,,,,,〇,,,,,,,,,,,,,,〇,,,,,,,,,,,〇,,,,,,,,,,,,〇,〇,,,
ui_pygame/render,,,,,,,,,,,,,,,,,,,,,,,,,,,,〇,,,,,,〇,,,,,,,,,,,,,,,,,,,,,,,,,,,〇,,,,,〇,,,,,〇,,,,
utils,,,,,,,,,,,,,,,,,,,,,,,,,,,,,,,,,,,,,,,,,,,,,,,,,,,,,,,,,,,,,,,,,,,,,,,,,,,
