,.ipynb_checkpoints.__init__-checkpoint,app_pygame,backend.combat.battle_sim,backend.combat.char_build,backend.combat.debug_utils,backend.combat.life_check,backend.combat.magic_damage,backend.combat.spell_repo,backend.combat.status_effects,combat.battle_sim,combat.char_build,combat.constants,combat.data_loader,combat.debug_utils,combat.elements,combat.enemy_build,combat.enemy_selection,combat.enums,combat.initiative,combat.input_ui,combat.inventory,combat.item_effects,combat.life_check,combat.logging,combat.magic_aoe,combat.magic_damage,combat.magic_menu,combat.main,combat.models,combat.phys_damage,combat.runtime_state,combat.spell_repo,combat.start_of_turn,combat.state_view,combat.status_effects,combat.turn_logic,main,tools.make_import_graph,tools.splitesheet,ui_pygame.app,ui_pygame.app_context,ui_pygame.controller,ui_pygame.input_handler,ui_pygame.input_modes.aoe_choice,ui_pygame.input_modes.command,ui_pygame.input_modes.item,ui_pygame.input_modes.magic,ui_pygame.input_modes.member,ui_pygame.input_modes.target_ally,ui_pygame.input_modes.target_enemy,ui_pygame.input_modes.target_select,ui_pygame.input_modes.target_side,ui_pygame.logic,ui_pygame.render.command_panel,ui_pygame.render.enemy_panel,ui_pygame.render.floating_texts,ui_pygame.render.hub,ui_pygame.render.log_panel,ui_pygame.render.log_scroll,ui_pygame.render.party_panel,ui_pygame.render.sprites,ui_pygame.state,ui_pygame.ui_types,utils.name_normalize,utils.safe_int_float
.ipynb_checkpoints/__init__-checkpoint.py,,,,,,,,,,,,,,,,,,,,,,,,,,,,,,,,,,,,,,,,,,,,,,,,,,,,,,,,,,,,,,,,,
app_pygame.py,,,,,,,,,,,,,,,,,,,,,,,,,,,,,,,,,,,,,,,,〇,,,,,,,,,,,,,,,,,,,,,,,,,
backend/combat/battle_sim.py,,,,,,,,,,,,,,,,,,〇,〇,,,,〇,,,〇,,,〇,,〇,〇,〇,,,〇,,,,,,,,,,,,,,,,,,,,,,,,,,,,,
backend/combat/char_build.py,,,,,,,,,,,,,,,〇,,,〇,,,,,,,,,,,〇,,〇,,,,,,,,,,,,,,,,,,,,,,,,,,,,,,,,,,
backend/combat/debug_utils.py,,,,,,,,,,,,,,,,,,,,,,,〇,,,,,,〇,,,,,〇,,,,,,,,,,,,,,,,,,,,,,,,,,,,,,,
backend/combat/life_check.py,,,,,,,,,,,,,,,,,,〇,,,,,,,,,,,〇,,,,,〇,,,,,,,,,,,,,,,,,,,,,,,,,,,,,,,
backend/combat/magic_damage.py,,,,,,,,,,,,〇,,,〇,,,〇,,,,,,〇,,,,,〇,,,,,,,,,,,,,,,,,,,,,,,,,,,,,,,,,,,,
backend/combat/spell_repo.py,,,,,,,,,,,,〇,,,〇,,,,,,,,,,,,,,〇,,,,,,,,,,,,,,,,,,,,,,,,,,,,,,,,,,,,
backend/combat/status_effects.py,,,,,,,,,,,,,,,,,,〇,,,,,,,,,,,〇,,,,,,,,,,,,,,,,,,,,,,,,,,,,,,,,,,,,
combat/battle_sim.py,,,,,,,,,,,,,,,,,,〇,〇,,,,〇,,,〇,,,〇,,〇,〇,〇,,,〇,,,,,,,,,,,,,,,,,,,,,,,,,,,,,
combat/char_build.py,,,,,,,,,,,,,,,〇,,,〇,,,,,,,,,,,〇,,〇,,,,,,,,,,,,,,,,,,,,,,,,,,,,,,,,,〇,
combat/constants.py,,,,,,,,,,,,,,,,,,〇,,,,,,,,,,,,,,,,,,,,,,,,,,,,,,,,,,,,,,,,,,,,,,,
combat/data_loader.py,,,,,,,,,,,,,,,,,,,,,,,,,,,,,〇,,,,,,,,,,,,,,,,,,,,,,,,,,,,,,,,,,,,
combat/debug_utils.py,,,,,,,,,,,,,,,,,,,,,,,〇,,,,,,〇,,,,,〇,,,,,,,,,,,,,,,,,,,,,,,,,,,,,,,
combat/elements.py,,,,,,,,,,,,〇,,,,,,〇,,,,,,,,,,,〇,,,,,,,,,,,,,,,,,,,,,,,,,,,,,,,,,,,,
combat/enemy_build.py,,,,,,,,,,,,,,,,,,,,,,,,,,,,,〇,,〇,〇,,,,,,,,,,,,,,,,,,,,,,,,,,,,,,,,,
combat/enemy_selection.py,,,,,,,,,,,,,,,,,,,,,,,,,,,,,,,,,,,,,,,,,,,,,,,,,,,,,,,,,,,,,,,,,
combat/enums.py,,,,,,,,,,,,,,,,,,,,,,,,,,,,,,,,,,,,,,,,,,,,,,,,,,,,,,,,,,,,,,,,,
combat/initiative.py,,,,,,,,,,,,,,,,,,,,,,,,,,,,,,,,,,,,,,,,,,,,,,,,,,,,,,,,,,,,,,,,,
combat/input_ui.py,,,,,,,,,,,,〇,,,,,,〇,,,〇,,〇,,,,〇,,〇,,,,,〇,,,,,,,,,,,,,,,,,,,,,,,,,,,,,,,
combat/inventory.py,,,,,,,,,,,,,,,,,,,,,,,,,,,,,,,,,,,,,,,,,,,,,,,,,,,,,,,,,,,,,,,,,
combat/item_effects.py,,,,,,,,,,,,,,,〇,,,〇,,,,,,,,,,,〇,,,,,,〇,,,,,,,,,,,,,,,,,,,,,,,,,,,,,,
combat/life_check.py,,,,,,,,,,,,,,,,,,〇,,,,,,,,,,,〇,,,,,〇,,,,,,,,,,,,,,,,,,,,,,,,,,,,,,,
combat/logging.py,,,,,,,,,,,,,,,,,,〇,,,,,,,,,,,,,,,,,,,,,,,,,,,,,,,,,,,,,,,,,,,,,,,
combat/magic_aoe.py,,,,,,,,,,,,〇,,,〇,,,〇,,,,,〇,〇,,〇,,,〇,,,,,,,,,,,,,,,,,,,,,,,,,,,,,,,,,,,,
combat/magic_damage.py,,,,,,,,,,,,〇,,,〇,,,〇,,,,,,〇,,,,,〇,,,,,,,,,,,,,,,,,,,,,,,,,,,,,,,,,,,,
combat/magic_menu.py,,,,,,,,,,,,〇,,,,,,,,,,,,,,,,,〇,,,,,,,,,,,,,,,,,,,,,,,,,,,,,,,,,,,,
combat/main.py,,,,,,,,,,〇,〇,,,〇,,〇,,,,〇,,,,,,,〇,,,,〇,,,,,,,,,,,,,,,,,,,,,,,,,,,,,,,,,,
combat/models.py,,,,,,,,,,,,,,,,,,〇,,,,,,,,,,,,,,,,,,,,,,,,,,,,,,,,,,,,,,,,,,,,,,,
combat/phys_damage.py,,,,,,,,,,,,,,,〇,,,〇,,,,,,,,,,,〇,,,,,,,,,,,,,,,,,,,,,,,,,,,,,,,,,,,,
combat/runtime_state.py,,,,,,,,,,,,,〇,,,,,,,,,,,,,,,,,,,,,,,,,,,,,,,,,,,,,,,,,,,,,,,,,,,,
combat/spell_repo.py,,,,,,,,,,,,〇,,,〇,,,,,,,,,,,,,,〇,,,,,,,,,,,,,,,,,,,,,,,,,,,,,,,,,,,,
combat/start_of_turn.py,,,,,,,,,,,,,,,,,,〇,,,,,,〇,,,,,〇,,,,,,,,,,,,,,,,,,,,,,,,,,,,,,,,,,,,
combat/state_view.py,,,,,,,,,,,,,,,,,,〇,,,,,,,,,,,〇,,,,,,,,,,,,,,,,,,,,,,,,,,,,,,,,,,,,
combat/status_effects.py,,,,,,,,,,,,,,,,,,〇,,,,,,,,,,,〇,,,,,,,,,,,,,,,,,,,,,,,,,,,,,,,,,,,,
combat/turn_logic.py,,,,,,,,,,,,,,,〇,,,〇,,,〇,〇,〇,〇,〇,〇,,,〇,〇,〇,〇,,,〇,,,,,,,,,,,,,,,,,,,,,,,,,,,,,,〇
main.py,,,,,,,,,,〇,〇,,,〇,,〇,〇,,,〇,,,,,,,〇,,,,〇,,,,,,,,,,,,,,,,,,,,,,,,,,,,,,,,,,
tools/make_import_graph.py,,,,,,,,,,,,,,,,,,,,,,,,,,,,,,,,,,,,,,,,,,,,,,,,,,,,,,,,,,,,,,,,,
tools/splitesheet.py,,,,,,,,,,,,,,,,,,,,,,,,,,,,,,,,,,,,,,,,,,,,,,,,,,,,,,,,,,,,,,,,,
ui_pygame/app.py,,,,,,,,,,,〇,,,,,〇,〇,,,〇,,,〇,,,,〇,,,,〇,,,,,,,,,,〇,〇,〇,,,,,,,,,,〇,〇,〇,〇,〇,〇,〇,〇,〇,〇,,,
ui_pygame/app_context.py,,,,,,,,,,,,,,,,,,〇,,,,,,,,,,,〇,,,,,,,,,,,,,,,,,,,,,,,,,,,,,,,,,〇,〇,,
ui_pygame/controller.py,,,,,,,,,,〇,,,,,,,,,,,,,,,,,,,〇,,〇,,,,,,,,,,,,,,,,,,,,,,,,,,,,,,,,,,
ui_pygame/input_handler.py,,,,,,,,,,,,,,,,,,,,,,,,,,,,,,,,,,,,,,,,,〇,,,〇,〇,〇,〇,〇,〇,〇,,〇,,,,,,,,,,〇,,,
ui_pygame/input_modes/aoe_choice.py,,,,,,,,,,,,,,,,,,,,,,,,,,,,,,,,,,,,,,,,,〇,,,,,,,,,,,,,,,,,,,,,〇,,,
ui_pygame/input_modes/command.py,,,,,,,,,,,,,,,,,,〇,,,,,,,,,,,〇,,,,,,,,,,,,〇,,,,,,,,,,,,,,,,,,,,,〇,,,
ui_pygame/input_modes/item.py,,,,,,,,,,,,,,,,,,,,,,,,,,,,,,,,,,,,,,,,,〇,,,,,,,,,,,,,,,,,,,,,〇,,,
ui_pygame/input_modes/magic.py,,,,,,,,,,,,,,,,,,,,,,,,,,,,,,,,,,,,,,,,,〇,,,,,,,,,,,,,,,,,,,,,〇,,,
ui_pygame/input_modes/member.py,,,,,,,,,,,,,,,,,,,,,,,,,,,,,,,,,,,,,,,,,〇,,,,,,,,,,,,,,,,,,,,,〇,,,
ui_pygame/input_modes/target_ally.py,,,,,,,,,,,,,,,,,,,,,,,〇,,,,,,〇,,,,,,,,,,,,〇,,,,,,,,,,〇,,,,,,,,,,,〇,〇,,
ui_pygame/input_modes/target_enemy.py,,,,,,,,,,,,,,,,,,〇,,,,,,,,,,,〇,,,,,,,,,,,,〇,,,,,,,,,,〇,,,,,,,,,,,〇,〇,,
ui_pygame/input_modes/target_select.py,,,,,,,,,,,,,,,,,,,,,,,,,,,,,〇,,,,,,,,,,,,,,,,,,,,,,,,,,,,,,,,,〇,〇,,
ui_pygame/input_modes/target_side.py,,,,,,,,,,,,,,,,,,,,,,,,,,,,,〇,,,,,,,,,,,,〇,,,,,,,,,,,,,,,,,,,,,〇,,,
ui_pygame/logic.py,,,,,,,,,,,,〇,,,,,,〇,,〇,〇,,,,,,,,〇,,,,,,,,,,,,,,,,,,,,,,,,,,,,,,,,,〇,〇,,
ui_pygame/render/command_panel.py,,,,,,,,,,,,,,,,,,,,,,,,,,,,,,,,,,,,,,,,,,,,,,,,,,,,,,,,,,,,,,,,,
ui_pygame/render/enemy_panel.py,,,,,,,,,,,,,,,,,,,,,,,〇,,,,,,,,,,,,,,,,,,,,,,,,,,,,,,,,,,〇,,,,,,,,
ui_pygame/render/floating_texts.py,,,,,,,,,,,,,,,,,,,,,,,,,,,,,〇,,,,,,,,,,,,,,,,,,,,,,,,,,,,,,,,,〇,,,
ui_pygame/render/hub.py,,,,,,,,,,,,,,,,,,,,,,,,,,,,,,,,,,,,,,,,,,,,,,,,,,,,,,,,,,,,,,,,,
ui_pygame/render/log_panel.py,,,,,,,,,,,,,,,,,,,,,,,,,,,,,,,,,,,,,,,,,,,,,,,,,,,,,〇,,,,,,,,,,,,
ui_pygame/render/log_scroll.py,,,,,,,,,,,,,,,,,,,,,,,,,,,,,,,,,,,,,,,,,,,,,,,,,,,,,,,,,,,,,,〇,,,
ui_pygame/render/party_panel.py,,,,,,,,,,,,,,,,,,,,,,,,,,,,,,,,,,,,,,,,,,,,,,,,,,,,,,,,,〇,,,,,〇,,,
ui_pygame/render/sprites.py,,,,,,,,,,,,,,,,,,,,,,,,,,,,,〇,,,,,,,,,,,,,,,,,,,,,,,,,,,,,,,,,,,,
ui_pygame/state.py,,,,,,,,,,,,,,,,,,,,,,,,,,,,,〇,,,,,,,,,,,,,,,,,,,,,,,,,,,,,,,,,,〇,,
ui_pygame/ui_types.py,,,,,,,,,,,,,,,,,,〇,,,,,,,,,,,,,,,,,,,,,,,,,,,,,,,,,,,,,,,,,,,,,,,
utils/name_normalize.py,,,,,,,,,,,,,,,,,,,,,,,,,,,,,,,,,,,,,,,,,,,,,,,,,,,,,,,,,,,,,,,,,
utils/safe_int_float.py,,,,,,,,,,,,,,,,,,,,,,,,,,,,,,,,,,,,,,,,,,,,,,,,,,,,,,,,,,,,,,,,,
